V1,V2,V3,V4,V5,V6,V7,V8,V9,V10,V11,V12,V13,V14,V15,V16,V17,V18,V19,V20,V21,V22,V23,V24,V25,V26,V27,V28,Amount,Class
1.48069395767913,-1.15844456186056,0.105690540683654,0.937537711048873,-1.20624242169596,0.050644449457461,-0.819358987783557,0.108522843489029,2.49115523155651,-0.297365622455746,1.6951905791816,-1.70228202968196,1.08749673298307,1.45900708371272,-0.793729407455037,0.67980528688538,0.026342896224261,0.784672050365783,-0.402378026468502,0.163320686006363,0.0460107173666401,0.0149133311453816,0.142414149999201,-0.0380616763541563,-0.704317931253769,0.0960830755746326,-0.0610599835190741,-0.0134843978086361,0.495285710988742,0
0.447395553302475,2.48195386638743,-5.66081393141405,4.4559228120932,-2.4437797540431,-2.18504026247234,-4.71614294470093,1.24980325173147,-0.718326066573691,-5.3903302556601,6.45418752494833,-8.48534657377678,0.635281408794591,-7.01990155916612,0.53981407134798,-4.6498642988132,-6.2883575087823,-1.33931232244731,2.26298478762517,0.549612970886705,0.756052550277073,0.140167768675,0.665411100673545,0.131463791724986,-1.90821741154788,0.334807598686864,0.748534284767756,0.175413794422896,-0.32294794105621166,1
2.04230566068491,-0.850200979661556,-2.67675563096284,-1.20803338030618,0.997027531658787,0.564704976284532,0.0065868897379154,0.1088676173246,-1.11817931727608,0.947861979796314,1.43837801325926,-0.402372268144736,-1.50104893219734,1.00033495923377,0.0138365156392924,-0.858358485801812,1.46729478277236,-2.9492476114338,-0.391113932899933,-0.224938683900992,0.627912913145103,1.90523401612764,-0.159342147725412,-1.61406885879151,0.410147540789223,0.430774725368659,-0.041166250550444,-0.119712053099359,-0.1963087891079788,0
-0.862205026386727,0.89628383959757,0.74075564740723,0.219851239533444,1.27719175746948,-1.01537452940913,0.664784211355736,0.0620212853992653,-0.785679581614801,-1.12591820407723,1.19142367810953,-0.0499879233442639,-0.675126761746991,-1.17708302232832,-0.14822455625472,1.02851399406606,0.32804728956393,1.37017678644977,-0.690140702845776,-0.0071534907370553,0.0897454009357602,0.065752728071542,-0.277063780455089,-0.155276357574514,0.207312032781683,-0.487363191849181,0.0969338818025182,0.151453127096368,-0.32294794105621166,0
2.07924217732152,0.0576528311032833,-1.75373437100804,0.418132731760907,0.316621004113778,-0.884413710946659,0.0880006167598445,-0.153067301866124,0.710688882178967,-0.336427287018318,-0.855428893482003,-0.618975422760464,-1.33279334685307,-0.567909025512623,0.36332128957072,0.397857983106959,0.534407973390804,-0.117885342267642,0.0827537463124908,-0.245903978909051,-0.38477230372689,-1.06926062517639,0.350764538577004,0.443421353494204,-0.298280841558067,0.179762006539976,-0.0718146078976798,-0.0341483564806579,-0.32298412367105406,0
-2.68922442432927,0.0542463510507531,-1.19869942434232,-0.526363252603312,-0.319321490804446,-1.29034649441862,1.0620213844194,0.487606687506455,-0.120857874596054,-0.842787205417925,-1.16688573046178,0.44880089222085,0.0240673527110947,0.91424004411573,-0.251426179482794,-0.266566141662847,0.0724851076723636,-0.525099756239851,-0.103596142468565,0.476955237684004,0.155245058749128,-0.309765363650935,-0.35068873440594,0.0124661389145239,-0.138388810712573,-0.201617623463848,-0.343435661946945,0.206492512086647,-0.2216366194976254,0
-1.10184700698197,-1.63244121283891,0.901066556872515,0.847752885502341,-1.24909072939532,0.654936785498635,1.44886782586722,0.0233079125519542,-0.136742416820243,-0.150129182778684,1.17235508293037,-0.795988136674965,-2.13695096583302,0.578869439330842,1.4121147225086,0.0134668068434063,-0.119204381070058,0.826814373772222,0.476859902488945,1.23027784051309,0.610653920616913,0.835795006603528,1.17995542066426,-0.0290908864225033,-0.300895693792436,0.699174952578756,-0.33607170899039,-0.177586827857027,1.5545679431134465,1
0.753356012421118,2.28498795250353,-5.16449200355315,3.8311119987993,-0.0736224923058734,-1.31659594586445,-1.85549544374527,0.83107909886574,-1.56751414502076,-3.22455914814995,3.36955824955852,-3.46854525803227,-1.38357106785405,-6.0205789709702,0.309601855257659,-2.61776696028245,-1.31075238207209,0.409659909693325,2.36229077589933,0.285792259895482,0.382006845522224,0.0339580452530082,0.187696850240103,0.358433465751075,-0.488933827051834,-0.258802387138951,0.296145453458912,-0.0471736659782491,-0.31932967957197644,1
-0.712827760295218,-0.208175613403148,0.699828357339837,-2.23019858173707,-0.9655149489082,-1.39848314352058,-0.268802690660312,0.293492858158024,-2.62596982534187,0.63316629609459,-0.515282491293245,-1.7940030193383,-1.70707506360198,0.603844293957141,-0.0325023207948082,-0.855780345026657,1.14766656001894,-0.49837019044976,-1.24928776025977,-0.599723933397561,0.040899591020828,0.191386559117006,-0.0151708547075299,0.539459643952161,-0.160939366413743,-0.284842389351977,-0.0157442765048939,0.025916206937336,-0.27229228027691854,0
1.19093333255556,0.52356756026056,-0.585099984294599,0.711810981560243,0.31504351493497,-0.673210786754532,0.198113104139746,-0.0056769401658175,-0.359436705159807,-0.574117763143031,2.03180615338997,0.380915111857327,-0.661073325624722,-0.979087939725317,0.5712419857219,0.477373803973697,1.09037166559667,0.370647823921926,-0.43098785586916,-0.120878869578632,-0.0801517551318178,-0.197764928614491,-0.0609888025705396,-0.106785988651235,0.452286649214508,0.382874527331953,-0.0210855846874304,0.0282544870340892,-0.32381632381242814,0
-4.38422089880268,3.26466481012305,-3.07715801666012,3.40359359659281,-1.93807528041028,-1.2210812776781,-3.3103166090276,-1.11197501012863,-1.97759328056305,-3.28820356526528,2.88609147657536,-6.84897793447677,-1.02923459062256,-7.46010298330266,0.0559060176229105,-4.33478342671028,-9.87456039324105,-3.54190332932228,-0.531558760456647,-0.141533268810834,2.07638272101207,-0.990302787008607,-0.330358452316133,0.158377625833497,0.0063514462492984,-0.493860013315231,-1.53765237842389,-0.994022490842227,-0.16142874839995125,1
2.07265904975654,-0.951942079426881,-0.486679133483692,-0.553104099655161,-0.968706693090911,-0.17385404724793,-0.956980421403863,0.0557290071192021,-0.220484821151149,0.978153806647953,0.236945766043703,0.520474676680398,0.178481104847739,0.0094854853871521,-0.277317505457165,-0.746968988889006,-0.650059232812488,1.51881810798003,-0.33243728468694,-0.550959364969024,-0.59658558234566,-1.22878616922951,0.440952541297807,-0.553411278712534,-0.738854676904867,0.243133312021041,-0.0225392691267262,-0.0512110385546453,-0.23339596932138987,0
-2.35678514280094,-0.209864030760527,1.70984653995952,0.354117141703603,0.787397552957169,-1.39962856812689,1.20638343590195,-0.593553615372127,-0.145479705010081,-0.0209258393367837,-0.161513189917125,-0.190753386268614,-0.232072238022103,-0.150835063837508,0.517468212585551,0.0868099697584586,-0.713551308010795,-0.206748036968461,-0.835831725331411,-0.638767547374032,-0.0977060847295585,0.350496438307063,0.511279186186756,0.704390780528541,0.856844581771659,-0.468350034862209,-0.680514018958507,0.255397044364571,-0.24302054486945554,0
0.961388789832259,-2.00981056994096,0.396816085916743,-1.2884607438138,-1.91392143492781,-0.202143917488137,-1.02775977386635,-0.025405438581412,-1.82045588215213,1.48029466679237,0.844246161790236,-0.470595798272929,0.316794798000933,-0.202673642561713,0.229399672763714,0.191418694814738,0.0280557373850983,1.00008780699557,-0.111982615529637,0.229042284685518,0.128421149849811,0.127473244228793,-0.285617237453899,0.0136873865394948,0.246151623189978,-0.128421286371387,-0.0048709647775789,0.0598561196429331,0.6865470130454161,0
-0.519935670681815,1.20156319637904,-0.549869941279993,0.858830982776158,0.45099560597017,-0.401493512876042,0.851366283228442,0.469269172132887,-0.609890241631962,0.0121287628020999,-0.354159227527649,-1.00870240390128,-3.31293554400298,1.60014882828071,-0.694414291222345,-0.650790429819495,0.16742170449043,0.662893426800655,1.17677552514968,-0.174243804267654,0.166125342961994,0.453236053425293,-0.189344978696047,-0.466507284055301,-0.0295233783340272,-0.360191025591814,0.281111523006819,0.16287249474856,-0.1935950929948024,0
1.33873992325463,-0.24778816841628,0.105890738861472,-0.030436054425677,-0.387800673258199,-0.230730380864117,-0.295028561266188,-0.0103679136028435,1.00247479674756,-0.327678033869549,-1.74307367801575,-0.382729121287964,-0.906721850058815,-0.0868883266537309,-0.120253851131313,-0.0364278801413686,-0.103885253372912,-0.276466331815312,0.833730051187868,-0.132503367130227,-0.19388689866214,-0.343355975180485,-0.161762802196918,-0.500325516197722,0.540300371356369,1.17546201580559,-0.0739281383251254,-0.0129076567526086,-0.32294794105621166,0
-1.90971499610931,-1.48213738657374,2.98691894154321,-1.48754179323523,-0.305411011392317,1.03880115747054,-0.390647032757022,0.444501346316443,-0.109718624432027,-0.223144678203909,0.562366079522913,0.372032717669918,-0.772619269037094,-1.03788818515187,-1.84125276507004,-1.42265981475529,-0.0575480384624748,0.765741215573088,-2.46599941440816,-0.782780276934973,-0.360690298251526,0.0089178982694701,0.586900945553968,-0.314996526462402,0.307767374227018,0.378322149772894,-0.0943098868648224,-0.269284900736087,-0.03023058698158197,0
-0.78752886089451,0.396879838109267,2.03780858397427,1.55087766540933,0.15627733881972,0.297699481413627,-0.0626256375485783,0.317828074730555,0.25502745344065,-0.230730308406803,-0.895335984293428,0.440128553631095,0.0099805870361704,-0.471900587599112,-0.387199871241079,-1.33736565520812,0.806813697204064,-0.605519138341961,0.845984941438364,0.269219828443265,0.0139931034296004,0.421238323752557,-0.0923155436267361,0.11803584114683,-0.0204781990618048,-0.153657049784058,0.435286003097078,0.209788840375248,-0.2650557573084481,0
-0.986979075222966,-0.608045721109116,3.16741624554779,-1.45275200876224,-1.14297654310757,0.129725785604564,-0.543045293542038,0.252057464958145,-0.142662286999495,0.119124041236632,0.722982536549772,-0.0872077376449835,-0.617777644668392,-1.27632817002143,-2.0100884264449,1.00057343562267,0.229142946657164,-0.697168128299064,0.509046470673483,0.412824882198363,0.230944344525123,0.909663740721495,-0.2459299462802,0.563630132011415,0.443236183701117,-0.19706156660155,0.141410887988195,-0.0929803273056857,-0.13653510938841287,0
-2.13068460406902,1.37156532285615,0.193578093589932,-2.44493329059913,0.0859238987571199,-1.55158564627721,0.588318065990685,-0.580813689424658,0.0705513013535462,-0.470214057841584,1.37361125922481,1.55453707767279,0.355424756946237,0.417228990967946,-1.29051661174597,0.36436383117919,-0.665349553913679,-0.624588407997155,-0.777142069919908,-0.338373402391239,0.491642780604174,-0.743718519762749,0.376016105317023,0.555545641447845,0.0373412320611399,0.340702618377787,0.33553994697313,0.155385341765959,-0.32294794105621166,0
-0.616877378177461,-0.319160127707189,0.0082841209261272,-1.31667613476632,-0.630837600602216,-0.664870725050058,-0.30913115798011,-2.75876317678668,-0.126345416611581,-1.39545851309661,0.848738240581537,0.638253932719702,-1.81143953901867,0.992301797455955,-1.70792445703796,0.788693970356391,-0.580785774798423,-0.355044712116866,-1.47537610789219,0.793921745725497,-1.1083621477387,0.182417298737416,-0.195527604854487,0.593831184580224,0.274501700243104,1.07142928012315,-0.095515332631862,0.283258900391473,0.6069452603922411,0
1.82558591699383,-1.0314525742032,-0.550711687996999,-0.258556953326675,-0.1923604889449,1.33713005034084,-1.05476203216811,0.295576904150903,1.35216242540277,0.0800908691377575,0.601510898924088,-1.83223646204379,2.45677290676191,1.29517819182452,0.571796079485648,-2.26968322581024,1.27209574530994,-0.077735762547817,-2.13481803257097,-0.552599710023549,-0.608884513987684,-0.985080837926224,0.52630259965184,-0.487503004115167,-0.787243127605852,-0.642829310319717,0.0655624641345124,-0.0232782047904038,-0.005336947970043637,0
1.47113453861648,-2.70481019651078,-1.29200343964537,-1.58514539311923,-0.963753970997531,1.34810904531404,-1.09132700926634,0.267492771040885,-1.37258816419804,1.41301970227877,0.830623620910241,0.235661383879986,0.982936826422698,-0.320676142283466,0.0277888595333624,-0.910529184879339,0.772117607467872,-0.623075121408272,-0.876177838465602,0.247283191458281,0.166323590759759,0.310931872617164,-0.0628913841722983,-1.61978889939699,-0.556801377110781,-0.103356748051226,0.0084571729210562,-0.009277986345171,1.0049540236581158,0
2.10029150967962,-0.836583299667206,-1.6205782999405,-1.06390589667101,-0.282379399479383,-0.913789602907051,-0.178751873617286,-0.272180509441346,-0.895752160791958,1.00546061580083,0.833929214610513,-0.0939929047256722,-0.126544691600373,0.402726454942105,-0.354490179566942,1.12328158494058,-0.118212820232781,-1.19713270638094,1.01873202871755,0.0722666873964451,0.112389355007385,0.109870590535284,0.114109742730204,-0.471570633074545,-0.0872806824688507,-0.30929306401419,-0.0614171565214936,-0.0677288254717141,-0.07690616012821638,0
-0.2383175921796,0.551722978569067,-0.721888519755237,-2.40560801327523,0.323621573194478,-0.943134115400195,0.328054953996721,0.138674382541974,-1.3751938628724,0.0109708633360267,-1.20412977253443,-0.24642176715472,1.40941626022518,-0.0655490438594682,-0.685958598166706,1.24115934821103,-0.257649430141542,-1.18147828205379,-0.251127628843804,0.0673948514172616,0.582465253570036,1.64412188320386,-0.107894123892428,0.555038375233325,-0.581955127130999,-0.227846664554553,0.337196233986138,0.239471066939677,-0.29038358769809464,0
1.46848825687072,-1.04151987398949,0.53837639752568,-1.38298550585612,-1.6684738093036,-0.846083190583556,-1.07032990119972,-0.0679740375146433,-1.98922973196349,1.63635855894723,1.25859290341549,-0.576770901921825,-0.479080522764487,0.0710832911055574,-0.0554169343215812,-0.225418904925986,0.38160255579171,0.490481565347104,-0.0254310915937565,-0.386694950601851,-0.161204988719126,-0.140692546172967,0.0608351023342743,0.488865044310979,0.30222699829903,-0.233031647106167,0.0215451283355052,0.0103847125835213,-0.29038358769809464,0
-3.21538175967748,-0.364223121381638,-1.26188334354906,3.79494903930385,0.71120593031272,-1.31647560298004,-5.16514055601052,0.625278383544947,-1.582300584728,-3.25263359468289,5.04075120270381,-5.31444220386187,-0.656470662006063,-6.23304367078495,0.974771279276835,-6.8903177453801,-9.51641148491956,-4.36412771489086,2.59857755637223,0.0196261688931224,0.40134124079647,0.152191258747201,-0.93467547449829,-0.256148382367333,-0.469403308828214,-0.282495914081921,0.86607691066145,-0.433465943783225,-0.30518227716861673,1
-3.84172041470315,3.40509733829511,-2.61409613784856,-1.24450814387217,-1.21919937360789,-1.87381047646248,-0.860238124611299,2.00026054989689,-0.0363911815457958,-1.4171728616712,-1.7040075174725,-0.0826641929568336,-1.24153215389281,0.800505027487257,-0.221249788654419,1.23192078281819,0.853589309813951,0.820281302152737,-1.74624738895183,-0.978719483734083,0.602336964873179,0.684870622803112,-0.0556539311010473,-0.0845542721042378,0.157520255482879,-0.502968288129436,-2.22654975384516,-0.655661098900332,-0.3126720784409836,0
-0.545742731090984,-0.875311016150047,2.28056530529044,-2.72954112971588,-1.05550820536046,0.631827587676688,-0.150569569632221,-0.0976389345055565,-1.78099969612966,0.521970156718946,-1.25279282260767,-0.746080424836953,1.793310412852,-1.52041220992816,-0.243176664947611,-0.143223464944983,-0.0087790101366601,0.425635932962023,-0.249482585748231,0.173071610517108,-0.137433224251408,0.0302488785676394,-0.057451792549132,0.466050299507398,0.383990205575818,-0.176326582049622,-0.110600403882581,-0.137509542993565,0.13295300595742665,0
-0.204012758190519,1.01803913822425,-0.213907510394942,-0.261175899203464,0.865635344645371,-1.29689555640146,1.35161710713762,-0.535841481066329,0.132244175166519,-0.526337771089411,-0.540901576406316,-0.526974340939563,-0.26432964510619,-1.01281923416606,0.752513898515469,-0.086417754975692,0.331412326112285,0.735662003406778,-0.0838658628661407,0.0994590540095376,0.242767759274267,1.08663221690841,-0.219596577216891,-0.0899410456667341,-0.438683363460432,-0.180293744764509,0.184507041424358,0.0859078053048429,-0.21848873200634072,0
1.10681421968604,-0.385705146186163,1.30065980410327,0.82523438723174,-1.33616002133016,-0.151015888773604,-0.856892154064665,0.325003801020153,0.980346312335295,-0.0123804147390943,0.784613535640681,0.0598847839244291,-2.21488172950621,0.229768382170381,-0.280564090487874,0.400596376423619,-0.227831838168921,0.456397854536071,0.18366751975519,-0.217245639274222,-0.0462455483110185,-0.0985956660853394,0.0623658077939234,0.513261991006269,0.121376233525429,0.293202229416042,-0.0020874469435697,0.0159106895277856,-0.2650557573084481,0
1.67672563797034,-0.643327874583048,-0.468446263204438,1.70267431697018,-0.647033536162292,-0.31820554592027,-0.126787938873875,-0.0073234807335286,1.32930018226201,-0.0401898036805022,-1.54262447038205,0.148774194018027,-1.24873240457861,-0.0269947408785829,-1.07781201136529,-0.340887018791694,-0.0048911636557598,-0.706064544342006,0.199045514037914,-0.0864790997136273,-0.458948566159567,-1.37864295379015,0.324569047934683,-0.131508034611622,-0.396664406864543,-1.114247488326,0.0221736743176895,-0.009574542416239,0.18994062433413145,0
1.21148855810267,-0.382630568702641,-0.503100858829551,-0.645548910372065,0.114152917922312,0.334802220473483,-0.383728528877691,0.204753390204108,-1.10627299147049,0.113785808969131,1.19995847634421,-0.56118140186442,-0.511598229840608,-0.646906842381634,1.63739765788897,-0.292197411605138,2.48133461099962,-3.10729736259479,-1.2107242541378,-0.0654528350711257,0.326595839160114,1.00786949726367,-0.0375431522415897,-0.666448628107395,0.437688936962539,0.0696612918564172,0.0534824660281828,0.0122349820430323,-0.24696444988727195,0
1.54457806752582,-0.907757639494436,0.541403776208665,-1.46577043206179,-1.37362832953675,-0.612521189032663,-1.0158296459159,-0.208163930348653,-1.87407235943941,1.38375585871058,-0.682205438041699,-0.412675383391285,1.73360638466481,-0.633347151343698,0.667339816014516,-0.0965696440564714,0.180759598115355,-0.0598421881934809,-0.0583159137837464,-0.243318144316906,-0.390755745379418,-0.708211087189827,0.107110893316369,-0.14262848003711,0.236710320546596,-0.382244721712896,0.0503987250100422,0.0265292038295315,-0.2911072399949417,0
0.0547247236916197,0.56983404549953,0.269037054646037,-1.15394209229916,1.07957558243993,-0.658679564523802,1.21058204349883,-0.313276041427224,-0.188713799817149,-0.353920473859853,0.466988698918937,0.725669843238485,0.003206851652517,0.123825537854406,-1.48604091138633,0.223677450405976,-1.07875647237662,-0.295042034590789,-0.2668934632435,-0.165605488597217,-0.131220323793491,-0.175476976698522,0.0975875058788468,-0.398482202886177,-1.30097088780677,-0.120922284823278,0.018137414976097,0.0136930970406599,-0.32008951448366585,0
-0.0551779135113959,0.897495298891086,-1.14756052603749,-0.562156580221711,0.473120136019128,-0.679834853186314,0.518649811182409,0.427580710236659,-0.43317131217397,-0.93597327781952,0.784345022913389,-0.234993071516783,-1.40035950275211,-0.125371017157921,-0.269442982517157,0.82539273109628,0.284234099384141,1.0856052875853,-0.513466453038874,-0.253314266910167,0.390344017837102,0.888636663431361,0.0953761453825451,0.623682148466015,-0.75379975885166,0.464127176537518,-0.073921293180579,0.0470242794088778,-0.17004021073243109,0
-2.49825151265917,-0.990393613638051,1.11326916933748,-2.35354190570766,-1.80223209752913,0.184741043876833,-1.20084939015777,1.17272459989722,-2.3884076820072,0.700590786870799,0.645662213819355,-0.24030442821367,0.52653333780041,0.0624879676492717,-0.014903611491966,0.468177345905445,0.333076236265048,0.668022101819575,-0.996152631411407,-0.0160449932713614,0.0213534295055475,0.0055395724943769,-0.199923614587415,-0.319388202249471,0.258036549374862,-0.260681628976217,0.267284813980722,-0.136855578225455,0.2257614130280602,0
-1.81043078466676,1.09037614275636,0.484154383227297,-3.14628033714348,-0.594520527499488,-1.75904810672694,0.576322159658845,0.129695249700107,1.32359841466211,-1.2037103164995,-0.67916048151211,0.0138791302814767,-1.07955862563101,0.401555325745535,0.56054609477758,0.187337015801833,-0.617512483876968,-0.126800186633577,-0.912088908865203,-0.238632545698967,0.0422329972865669,-0.0605844640465574,-0.132984120751622,0.369631090279131,0.0877953117907507,-0.389502078909096,-0.283496616873145,0.234964566539761,-0.2415732402757615,0
-1.192573989896,1.25657200900762,-2.28069705843046,4.91896088996257,-6.4845708409981,4.1370689121585,4.67265118496279,0.412896583362447,-2.16175161040729,0.457376839300056,0.0900668752346973,0.268223003125741,0.20372165408909,0.967389375026943,-0.757042048850965,0.940569651095994,0.203178662770071,0.392680675845226,1.44175829826038,-0.920915807323333,-0.272320369193005,-0.0632162563410285,1.1091780731937,0.0795414913083045,-2.74069040199697,-0.427117879934781,0.632850392921037,-0.229764947008089,4.276622240318449,0
1.86412278373207,-0.236033766864378,-0.131208328213241,1.70688605516698,-0.699495716267187,-0.539527179402312,-0.265985294124089,-0.0001632482360918,1.25822308504569,-0.0039600724161101,-1.01211479967111,0.499613503698743,-1.01993760317463,-0.0868188552906892,-1.11702768029084,-0.569283168587975,0.201159416165131,-1.01542987278701,-0.0159760457619341,-0.32838077916373,-0.489963874197304,-1.17738171726725,0.490561470895966,0.296109832992745,-0.420026820623559,-1.12700056371985,0.0506111793935265,-0.0252781054949134,-0.23976410953364388,0
2.06114570987633,-0.753400802705365,-0.479846405051616,0.582846162373079,-0.710370261381084,0.149174940168712,-0.896876480117999,-0.0097242784855496,0.0153606075314544,0.945130921171582,-1.89801749547523,0.0387077289183408,0.89927988672697,-0.427977968603639,0.130156248949096,-1.15529719845277,-0.583671575915215,1.7176421936036,-1.17294639518988,-0.574776318234984,-0.151460891542174,0.263237077298118,0.0550077720685082,-0.803113595570824,-0.0030226841360047,-0.437491006472721,0.0881172679346236,-0.0310425940505628,-0.21982748875550778,0
0.800416413171612,-0.49690362722634,1.32347654098751,1.94449652684947,-1.03607911624532,0.348358306348976,-0.310081195382519,0.17865956587467,1.10021039043414,-0.495148211978323,-0.515861557135645,1.51565939446104,0.322962094627256,-0.813548047906964,-1.80027120412832,-1.31697839094264,0.934457461376045,-1.58375137243386,-0.0710030789555133,0.0708074172236327,-0.296867283220279,-0.632314198614452,0.0313736411451346,0.625751658724044,0.330756020935995,-0.557699152800051,0.0727402511583493,0.0572727022594415,0.1654088114710166,0
-1.78884760551214,0.388840615371236,1.14045762070287,-1.45464173151055,0.980792784002482,1.71079035954051,-0.381216030119647,1.21032004509375,-0.010869892377659,-1.04530406183071,0.870609708233691,0.615158299098003,-0.453848904876242,0.485016439829227,0.989105399010596,-0.0922360295471275,-0.0279299850993774,-0.649915479915108,-0.755338293102889,-0.200830173001918,-0.0732898588474164,-0.133886422884246,0.285096644067975,-0.866079621112812,0.274991600520752,-0.0439455057283287,0.121852737169246,-0.0096101322908391,-0.3153495919393177,0
1.16798292473216,-0.811943202381711,-0.120175206392221,-0.745257275076678,-0.743524440836228,-0.554967558003022,-0.285682481887313,0.0210752715037314,-1.08832634685799,0.780303794565392,1.43903278320874,-0.77936463920816,-1.92287050647077,0.721880255602925,0.252713469521046,0.891097180585395,0.524474439677886,-1.60699004871619,0.710857447789268,0.107049912889292,-0.0562816880838922,-0.601103308888006,0.0542928103293464,-0.0415336186386675,0.20577854217953,-0.47493640245462,-0.0376133773004411,0.0105442300868111,0.05421963606046814,0
2.04915754645958,0.235992302245056,-1.85586210348351,0.416369966473999,0.653977199093225,-0.718694073635845,0.284750256650239,-0.244861879152112,0.600940066108319,-0.640617237797403,-0.516390147289058,0.562357810171739,0.714586894490565,-1.05653425154687,0.335236808319469,0.0783563102246743,0.524669641572604,-0.156917468801601,0.0495554195428391,-0.123282584477772,-0.3323897731277,-0.795846457566338,0.263375695116545,0.292705929525787,-0.0471177644771895,-0.597639973858922,0.005597799514484,-0.0163723459010375,-0.29041977031293703,0
-2.2555209061872,-1.10478302304413,1.17458710785731,-0.217158504393203,1.05897424964791,-1.03328219113603,0.976495884871829,-0.0983957033097217,-0.791172758825934,-0.526294291770129,1.13532727633264,0.732682094604407,0.30965588748082,0.283506703018666,-0.184904096743911,0.781727873556737,-1.00151424404816,-0.184906352236556,0.113276938519836,-0.225987243439132,-0.524636727145226,-1.34027920208854,1.39604883929279,-0.0545836094704593,0.531621375352158,-0.051257600470738,-0.0167781262065348,-0.167529666758393,0.17980949217827277,0
1.87291379825491,0.224917927637487,-2.72125822034639,1.07472890268088,1.88942325752129,1.10871075780722,0.33587729951526,0.268764962898957,-0.0388132852149958,-0.31533618285984,1.05973621045658,0.495013386465664,-0.687320347757256,-0.679339422408728,-0.212626874927673,-0.625321600067164,1.29787033648159,-0.452275371035494,-0.885812125318033,-0.260920123266008,0.0520217973943947,0.354164142255509,-0.0249119979529613,-1.07777690856733,0.320562070872202,-0.41148030236583,0.0339596494045468,-0.0463518235061017,-0.21801835801339017,0
-1.23280412810524,2.24411874456383,-1.70382579275654,1.49253586483501,-1.19298516971563,-1.68611021267902,-1.86461150490967,0.856122313785725,-1.97353527775248,-3.94238290411726,2.40165068027699,-3.39426561777896,-0.145161724970334,-4.32979551307589,0.758760885824274,-3.19904647594093,-4.48018356526203,-2.48566878350317,-0.0958074336903356,0.207889301735382,0.560475065574211,0.165681717805126,-0.0137535165177887,0.474935180269258,-0.218725074414735,0.302809125708237,0.46603094153746,0.250133538809307,-0.32381632381242814,1
1.75954139602384,-0.744249460247055,-0.667580377735871,0.161552029360665,0.0567128115419989,1.26460651364096,-0.801318310460418,0.434101071561969,1.04766568664275,-0.101212605953899,-0.232953848300034,0.395095160763957,0.08097423784504,0.0273606830737245,1.75191544226601,-0.348160653753216,0.18591916920999,-1.27222168452246,-1.53858570740656,-0.131915493266747,0.296144608712236,0.922527883835974,0.247893004466588,-0.300263985778377,-0.554140276403989,0.598407379956003,0.0086370677640263,-0.0407280570624665,-0.06605137567551071,0
1.18101532146002,0.183850445968687,0.699030319005718,0.700274489870447,-0.595809755332886,-0.839532493514369,-0.0386418652846979,-0.0732948230599517,0.0784769499327536,-0.0959245611010035,0.398875215133423,0.371852920353621,-0.283930845010907,0.396056072520236,1.29801493934124,-0.122310020730535,0.0767041474918622,-1.10560946955963,-0.674453675023823,-0.175241648557644,-0.200932812404248,-0.571251666667236,0.23845415228205,0.58785842712698,0.0574501332495618,0.0929959032247975,-0.0148804587046666,0.0198079825404681,-0.32334594981947756,0
2.07431756647893,-0.327904886627863,-0.725357157326243,0.17208978222582,-0.273519051037224,-0.254027879201883,-0.522925444044296,0.0073464189900041,1.38431423440455,-0.095141950437435,-1.78943004376772,-0.327165963393736,-0.522677538185214,0.152191091949999,1.14359516127762,0.675406000923083,-0.986805528553107,0.345137652394318,0.211630505496416,-0.25408989274128,-0.219729525709234,-0.543686782308655,0.258621846806492,-1.07404443040997,-0.334132029587382,-0.549436864195122,0.0269885440296877,-0.0433685261362848,-0.32294794105621166,0
-4.5407959369993,4.64934070281648,-2.85206155261122,-2.6288483117644,1.03551793645893,-0.92172828984843,1.87618827859808,-0.489715304692007,3.56821105940454,6.62916747625947,1.24897102730422,0.802585009871592,0.511491114085209,-1.30137199709429,-0.458738648363467,-1.09588750732025,-1.28815995031726,-0.29882302412527,-0.336847868632547,2.8548905204313,-0.524180353712384,0.689619879374106,-0.145508818042502,0.210259190119393,0.67578776572302,-0.0105830652720968,1.25558124697438,0.0006530449676908,-0.3232374019749505,0
2.08042417423404,-0.539848854503116,-2.45237292499273,-0.338510222624122,0.171981931773419,-1.74576246247432,0.801755013153132,-0.797809525316387,-1.3433957287609,0.964600629606208,-0.858321997424106,0.398112586364239,1.22582976602766,0.472083114706847,-0.503613744829989,-2.31821389243817,0.107494516654187,0.488520923970246,-0.682480407619332,-0.375069944751176,-0.0378497694904029,0.387177400703878,-0.194799442667969,0.0872700500980025,0.517628882104631,1.00743585706703,-0.131718525575294,-0.0737489043261075,0.04426941697882127,0
0.879900734123406,-1.31969462912487,0.252382095758564,-0.508550901019197,-1.22955590704873,-0.498626376001054,-0.33233348004029,-0.0878455836468324,-0.720416100853823,0.466714064239303,-0.0547137211856899,-0.755872980090958,-0.377100427062893,0.0479434657110272,1.16266779858902,1.00420822111121,0.536723520982524,-1.90621639911461,0.174180831487155,0.508654109361388,0.0770514578380162,-0.462499426287531,-0.048334043300891,0.0569999444790212,0.0455407652278389,-0.476642532105651,-0.0244861436047986,0.0616457910994333,0.6105635218764763,0
1.37927894586032,-0.448468687875049,-0.280316415949844,-0.761231252948295,-0.448389759661425,-0.767442591439762,-0.0380640313677085,-0.301229360800299,-1.09647718977662,0.64678854930704,-1.09677755235897,-0.203202178905134,0.657159383448108,0.195179181002884,0.745933623519559,-1.14526710410069,-0.260245471067902,0.594336951909685,-0.181315949136534,-0.344592852991776,-0.830394894562722,-2.07057724237743,0.143534756523128,-0.470953478298908,0.0909215894095015,0.670064427344257,-0.0838950042837819,0.0086943618698302,-0.12770655136687895,0
-0.22949021822096,0.0939007754450383,0.0831660615473649,-1.36026927780345,2.55019593310329,3.98771984319687,-0.266625237301326,0.853012102078858,0.413231489808034,-0.314216483691358,-0.0395889899436601,-0.0014367305124443,-0.116905759759005,-0.102248550625681,1.35376947268029,-0.421834361943017,-0.364633491703586,-0.125423487016125,0.936334438740707,0.144472538919081,-0.122748463836143,-0.226754865341424,0.0800269765070614,0.692112931095873,-0.94008982810034,-0.196859786853136,-0.0700181144885616,-0.0066192018009398,-0.29798193681498863,0
-0.969035290871006,0.917210798645594,2.42651707318972,3.1431777453026,0.505711174795392,2.37326379221182,0.404168761158632,0.689868661868314,-1.44267679282473,0.410703637073396,-0.918850006071356,-0.831205507446977,-0.632522843065477,-0.10545539359802,0.552423325981678,-0.0800579734686156,0.317121248122077,-0.963651299202764,-2.04004941523631,0.0433673562011326,0.367278336965902,1.01995787773642,-0.162497562861246,-1.05974923208649,0.284482775518499,0.44829845059005,0.085817877463455,0.0707556445693072,0.03164168439884036,0
1.25659291125507,0.0633021690563735,0.636209671653853,-0.0545583312060485,-0.439047763378809,-0.445846727586483,-0.355394598905552,-0.119705679315664,1.33472461897287,-0.43738768319294,2.24786120983471,-1.32498652413492,2.45413376443372,1.60111535709166,-0.239462614119898,0.636280410857335,-0.0420041034117562,0.370748359580362,0.231826636326365,-0.030257628989125,-0.242904519116677,-0.451948591961928,0.0427199360102907,0.0246072515715626,0.130221020896792,0.865698072000795,-0.0981022374282543,-0.0079895250189054,-0.29895886741573213,0
-1.64482477024789,0.774717072415577,1.91167664122232,-2.29281001511258,-1.64255271785994,-0.232054204265047,-1.23000267956386,1.08858872401461,-0.604269447193145,-0.45598744176937,-1.15982709121572,-0.0871875443147292,1.22564881197353,-0.673573273834956,-0.0782617992708628,1.94177529170872,0.0101731948773982,-0.733188002814403,-0.501255157715629,0.143524282276301,0.43769210375259,1.19996128479738,-0.352894432078226,0.0102289689390687,0.633191701445959,-0.022892783047307,0.174261620481383,0.0630244103495887,-0.3264938373107622,0
1.79197620737124,-1.71379657921644,-0.827619011880173,-1.2792044901958,0.638453824186249,4.71769541329005,-2.1643689545112,1.38736022966014,2.91411220782805,-0.790484595325574,-0.868899387442181,0.996312270711576,-0.188807684155856,-1.11546122510317,-0.780091802281379,-0.515289950056959,0.15256296056369,-0.200712207377411,0.536673376731286,0.0130268009305358,0.106916155730214,0.660913116052248,0.148047246261612,0.819160486189286,-0.365758082178997,0.806857460551722,0.0475336367764102,-0.0352286364595844,-0.06243311419127549,0
1.24188178372542,-1.67026435038988,1.83257583741287,-0.740520183266081,-2.51843987788942,0.366358402173359,-1.91059745208566,0.249013061692382,-0.510569732788283,0.977425568701151,-0.553103353329102,0.304406119408238,1.01564651851008,-1.63605855793684,-1.39490774243489,-1.42522958131295,1.57588753566635,-0.732892633679177,-0.353440706735374,-0.268567762506099,-0.11944349555244,0.443177513299606,0.0307818428770544,0.658091722291199,0.233971995587693,-0.055228527254805,0.125008588741288,0.0446793715173245,-0.12394355942327431,0
-0.78663275988703,0.782769180868066,1.36706014944616,-0.290167555486028,0.341270259685919,0.185073838806535,0.595855054416787,0.0766875104379432,-0.123043637594204,-0.40150448461841,0.358921269302784,0.772734089017286,0.521666961692925,-0.127798206738854,-0.653462974430145,0.836465610226309,-1.45120301500274,0.871445016905351,-1.07590270900791,-0.233034849717124,0.37960242641911,1.06692643691744,-0.280160647738169,-0.3980871807902,-0.199469766882793,-0.721732133831393,-0.0687158232561314,0.198589690888701,-0.17011257596211576,0
-4.07539433085922,2.87587894329189,-2.34339179053077,-1.07638108747811,0.105572025616732,-0.896659964580276,0.21988912266651,0.606772377289215,2.03359217290807,3.09238734226035,1.29328874324273,0.89021183909151,-0.0460456195568808,-1.40306511928752,-0.640252110888413,0.379900842578319,0.256941550774115,-0.0462695692128325,-0.284256104227124,0.663948726121069,-0.800581808499785,-0.820998766482654,0.479123173413973,0.579325575523566,0.130989293171254,0.0608917035587843,0.333275862919577,-0.149258896528154,-0.29414657964169927,0
-0.86838894440077,0.943003890673904,1.70642800592834,-1.39841961528015,-0.313715822996474,-0.879839985297406,0.508345390585036,0.104944196039737,-0.0747836095157703,-0.24805588554408,1.38885219432441,0.627369934770235,-0.30092659107679,0.121880532773181,-0.175535567379508,0.722732377629333,-0.849368529150442,0.0853022276154978,-0.502881132479894,0.147745614480366,-0.0506068973196572,-0.0720583599196449,-0.0547967865104884,0.560727610110174,-0.356695708301327,0.69405695937923,0.359711844545747,0.22536248954356,-0.3237801411975858,0
1.1808442284527,-0.0388523443413262,0.632927220898446,0.939857830588073,-0.82840992149215,-0.919909255919787,-0.0733907522450662,-0.0954226831178053,0.613452120951558,-0.167033688122399,-0.56622457902505,-0.0265130348261596,-1.23723087848483,0.181286650599411,-0.107125864674604,-0.322144682316894,0.216492691161816,-0.676704305070976,0.0988040567823446,-0.174885758265498,-0.215209665549886,-0.526768044249799,0.0547551629871508,0.725634705319967,0.366670254442088,0.250870784986854,-0.0321023394061834,0.0162900262413795,-0.2504741635269801,0
-2.50072794432738,0.738039516281359,-0.28847136685891,-0.0241711187089679,-0.396194245487433,0.565133798059322,0.16978902900205,1.20431850636246,-0.755984874404355,-1.38445170627339,-1.78317644349416,0.739555531277654,1.67777031971823,0.632186128962871,0.68300687782693,1.1543158471495,-0.698324809161854,-0.161623988791674,-0.920322544353817,-0.563014827766993,-0.0968798462205224,-0.59493064663371,0.0132818545352407,-1.31991811286411,0.311168342943117,-0.68099090187422,-0.349624423980487,-0.521344462243822,0.20169997415789592,0
-20.9069081014654,9.84315322329519,-19.947726046163,6.15578864849515,-15.142013159868,-2.239565648142,-21.2344631540976,1.15179506554623,-8.73967037069304,-18.2711681738888,4.67734929657245,-9.58356643737056,1.03516582361622,-8.19969002891841,-0.32651888245129,-8.37643882097816,-18.4854603221489,-7.58997395860914,1.1266403652792,0.396654845079575,-1.97719619445615,0.652931885295435,-0.519776859411322,0.541701730134149,-0.0538607606750096,0.112670774311131,-3.76537100922261,-1.07123831223447,-0.32294794105621166,1
1.60937099950158,-0.187289461897273,-0.565873673687957,3.5231003035081,0.979236488204382,2.69507577422562,-0.561935673753381,0.791137635753236,-0.142720935662712,1.13773183283847,-1.59628835712468,-0.866518393059131,-1.62776471075484,0.278569271766282,0.248995345353664,0.066151069911214,0.237283114051402,-2.16525496381781,-2.42669096680615,-0.357024325751689,-0.335764017074135,-1.00603424678102,0.449949220074997,-2.50147877272343,-0.821092885104736,-0.320948468602317,0.0457928731112905,-0.044285958277998,-0.03012203913705491,0
-1.34861870127367,-0.677823911074258,0.986227565817658,-2.12615760295953,0.379165918125587,0.393351716973456,-0.822829769818866,0.824319504477736,-0.988135621781924,-0.645261468697634,-0.491569787103668,-0.103323274263373,0.66025737982662,-0.276135341959083,0.200686572571153,0.491788867026744,0.892392324757551,-2.49706817659307,-1.34514353868862,0.0626067184900338,0.596806222980163,1.41589438107822,-0.154167631146636,-0.979740089081787,-0.210655668011534,-0.0931024264444878,0.0608968669784353,-0.061243753154754,-0.25438188592995414,0
-0.563536793631641,0.983501142533859,1.10640872061019,-0.113622162216613,0.201156201950512,-0.490842268713356,0.580141991702592,0.0805734553572412,-0.484886544290095,-0.221003855350869,1.11826704141115,0.232845871752331,-0.402038552231554,-0.18964391897974,0.287226996543977,0.692757681468089,-0.342906041940634,0.521764379221357,0.332736592999314,0.0875427328733646,-0.225123755428473,-0.675470067988763,0.0112182770356679,-0.0632040426382383,-0.158652819819623,0.0659732800441618,0.110888191297043,0.0805530129712393,-0.268746384022368,0
-3.29112509261551,4.4011941515981,-8.39421162258901,4.45357956949695,-4.79005451824953,-4.24018208232724,-9.21900099642753,1.97402995723142,-2.91294270907847,-13.540168238225,9.41303953977606,-18.0475965708216,-0.728186553999085,-15.3930448312636,0.3494850489774,-13.30388757707,-21.2979057823155,-7.26231079476482,2.27422550991903,1.4908691418867,2.10234346771868,0.597370314627801,-0.328086184026121,0.445752402449364,0.585280580866405,-0.399005421878678,2.11600444233121,1.05074380386505,-0.32294794105621166,1
-2.95412740942198,-1.92548019562934,1.16004251890996,1.67999601079667,1.84563588964957,-1.79219283328894,-1.05650990123252,0.662547242693177,-0.322897338472564,-0.701176043230325,-0.654370724078749,0.523824311506995,-0.377252016392353,0.553699415556415,-0.227342015278885,-0.80680441869629,0.649446113697418,-0.738307562481373,-0.341387104286092,0.60163955316035,0.324984531779683,-0.0516392890330201,-0.135014385773316,0.422682763431259,-0.0038018744814014,-0.41988663675608,0.0730265818385417,-0.397634592213459,-0.2920479879808429,0
-1.34022369623438,-0.0994700877296689,2.56920532785064,-1.02384914020456,0.266960892563468,-0.992927765490093,0.664708462304984,-0.141592317444444,0.0752647907558529,-0.986826865297664,-0.604909362064439,-0.227043309928077,-0.20902793549741,-0.362685812407469,0.214065101169116,1.06227630059087,-1.21862943060541,-0.0767958537135562,-1.82459641357138,0.174898510928444,0.0294846621714103,-0.186023782458868,-0.0102114479936819,0.359902739292475,0.314488056852531,0.0833685773102951,-0.235307564745057,-0.149792381699248,-0.029434569455050224,0
2.0398511388145,-0.277814888667424,-1.22612290334398,0.248070245416664,-0.137145456267372,-0.761246159429412,-0.0820397488787525,-0.0358495075803075,0.654556253224498,0.310593073003019,0.276568722018794,-0.210462356301073,-2.281615958748,0.913989779673974,-0.38283951386747,0.293136906438961,-0.522594102136019,0.0143167357714723,0.571686688744695,-0.351047137082748,-0.285107598594245,-0.835333414873071,0.315913630410575,-0.399417625771425,-0.364307178715025,0.206037459237515,-0.0901518580697067,-0.0782997254461233,-0.3194020448016611,0
1.88622250793093,-0.628743163487668,-0.0735216770568572,0.363888127042462,-0.777937516092424,0.0763447998503879,-0.865830665484769,0.117039002577023,1.29124079323228,-0.0530598499698933,-0.830225139851045,0.555212452956836,0.693149190003553,-0.419098461733522,0.813464573083679,0.630546696208539,-0.665246241512753,-0.0191652670916334,-0.410003405242728,-0.0354005089051344,0.0741691821012987,0.261954392679192,0.302064748356337,0.708948072235914,-0.562169761842873,0.339161972607915,-0.0101489522194017,-0.0210522272156944,-0.12951568210899655,0
1.64218630532376,-0.666691273984228,-2.0398753327049,0.533355120318916,0.402087742781828,-0.0237050712658797,0.217742089972043,-0.10216506041442,0.477733007014084,-0.417317988223883,0.597943327280488,1.06013225805093,0.634041941832662,-1.1307747222859,-1.14713610662141,0.321840904481076,0.341294877715284,0.610341545576817,0.386178351022317,0.325984168569153,0.139902283501936,0.211459528333154,-0.187605134000993,0.198474390714436,0.0986035410623338,0.593465128798125,-0.0906493723469912,-0.0124452700439026,0.4375020750855055,0
-22.5616992591298,13.2089042844176,-24.6438187771226,6.23253182330679,-16.905611362323,-4.49743871970001,-16.8101841919321,14.9551067734604,-3.87129682308601,-8.58126551626339,5.25698760960799,-7.39361499215009,0.538800829120431,-7.57755201800709,-0.030725531904052,-6.45478323655342,-12.8456565242928,-4.86591773720169,1.06244185030067,1.62144422472126,1.76598663639159,-1.6355166467436,-0.998316503452087,0.138972227361725,1.55935014018173,-0.22212451669,1.5044246600224,0.445919826109776,0.03522376326823321,1
2.05038842993253,-0.312231114863374,-2.14968828234959,0.249093581448683,0.555341299303837,-0.611852965227704,0.380556013093268,-0.235495711326019,0.686957646390644,0.133918908473677,-1.83829808758159,-0.896336075741948,-1.80339955755081,0.731299313252443,-0.144925862200911,-0.246261943046471,-0.242371824503924,-0.349761929846994,0.469430153660131,-0.200977065512931,-0.0775988902156453,-0.245750544820046,0.004935962182636,0.0971064022271891,0.210312223608662,0.568543020551812,-0.124007621886057,-0.0719996436572051,-0.12759800352235187,0
-0.826225727550716,0.246370959069504,1.05317615405597,-1.86282648524775,-0.264529316268444,-0.966199881154061,0.355464821381236,-0.0522465458354602,-1.36685992167668,0.687500905591424,1.25816927858109,-0.0188356929372094,0.271721702260078,-0.17075624913389,-0.753883664932545,1.31548111820077,-0.274156645118948,-0.848995671648494,0.168587531093981,0.334014085395025,0.305624792397272,0.930090935939604,-0.110079024506326,0.35292845595755,-0.0068856494145464,-0.333161525913338,0.465745264625152,0.279631342613024,-0.17514195942520275,0
0.0433179907847998,0.875445702023972,0.268509821967784,-0.612151644953231,0.493026242562881,-0.996688546651274,1.00728361191594,-0.188837435978892,-0.0724082740214263,-0.424498300788866,-0.903498205054268,0.24593174050463,0.227798760371085,0.0718889128260997,-0.373878671394835,-0.141335297409295,-0.389722128185238,-0.840599864307648,-0.130382084826375,-0.0322283407893076,-0.25768102097405,-0.543395567484528,0.0621354097602728,-0.0848115528187248,-0.488376220327816,0.147120768759307,0.252085738762759,0.0964803926652008,-0.3194020448016611,0
0.998983402685658,-0.0430013175927412,1.56348191863194,2.90618908673221,-0.715111152955053,1.10865263898255,-0.828850583151331,0.521760428390537,0.595383492873289,0.32667847853625,-0.79894109122155,0.0265699873797585,-1.32238405756717,-0.427467413026417,-0.884367646450786,-0.605678064035331,0.749815775376744,-1.18894576222613,-1.40759081733615,-0.331034856274419,0.086869730909643,0.62487960881724,-0.0162244519109477,0.10849934684188,0.387787757846997,0.255974992530529,0.0749861587254336,0.0212898209679986,-0.3210664450844094,0
1.31679771119969,0.375209235302056,-0.033122257375642,0.490281202449932,0.0891860356058461,-0.5792418691286,0.107145252285428,-0.182559958687364,0.0031384096396099,-0.298077442320503,-0.719106334103324,0.26330275110866,0.947153605617814,-0.452270347398075,1.09226928463265,0.696376589368465,-0.343320339692453,-0.0958296326828802,0.114309973268165,-0.0177652402488796,-0.336504221950437,-0.937242102273668,0.0191109326583647,-0.479990895144104,0.347757010751985,0.144607276123681,-0.0203253844629703,0.0234555104853986,-0.32189864522578343,0
-2.53585211738111,5.79364414692454,-7.61846283574893,6.39582974649419,-0.0652101046678037,-3.13637196409103,-3.10455736262141,1.82323263760971,-3.87865758023391,-7.29780335001461,7.07166913682445,-10.001046368327,-0.207934540884304,-10.8606980453666,-1.69082504118249,-2.36085672411086,-2.76009701528795,0.29810341564323,-1.38555780172735,0.408704184487524,0.716719907055995,-0.448059938458541,-0.402406878680357,-0.288835222564699,1.01175223958707,0.425964621387216,0.413139555823146,0.308204656968305,-0.32294794105621166,1
-0.467234682391574,1.15824029347914,1.86548479285601,2.50571993858598,0.165861741234894,0.041938472021143,0.547914073537967,-0.0332588821982506,-0.890728951865385,0.378416099068822,-0.99839398475249,0.30069204186616,0.744550814481374,-0.432421439060342,-0.883666760642719,-0.328653724001415,0.0356527400157538,-0.370808758251574,0.187069762681105,-0.0151537593475795,0.0720514608387952,0.409022639081044,-0.167760127828139,0.442019266124026,-0.306377550542581,0.0556388824509978,0.0507905771674127,0.162721688238664,-0.28430490840457945,0
-28.2550528932108,21.4672029942752,-26.8713387797136,11.7374361361796,-17.9996302850189,6.0659013519233,-41.5067960832574,-38.9872627434095,-13.4340663182301,-24.4031849699728,3.40932261990014,-9.60826735632918,-3.07631796817408,0.240060357919937,-2.83667693195872,-6.594756991638,-12.9575309948449,-5.61352195004329,-0.248828402209821,10.4407179813405,-21.4537362781468,8.36198519168435,4.90911112135878,0.0983279449493119,-1.50873912052995,0.0087112904784173,-5.4078236392388,-0.183811044930697,-0.3265662025404469,1
-5.03594397555419,4.02020580171303,-3.55699588862293,-1.30415924699577,-2.21248760159867,-0.960788924260166,-2.31040732733075,3.90565242720592,-1.30186098185185,-2.17676905554794,-0.700423631392547,3.03805286757458,1.32183332952771,2.91946686497185,-2.29203434266929,1.22847469453862,0.546019462003273,0.0259439239438074,-0.821248440364618,-1.35587560698719,0.432826561147276,-0.361765456817563,0.473704783662531,0.741157605659821,0.0017849059932968,-0.932370048340834,-2.07930879980438,-0.472996302613331,-0.2800353598531819,0
-7.89688615307576,5.38101952251685,-8.45116161458266,7.96392808742307,-7.86241943013129,-2.37681997521459,-11.9497234569249,5.05135567269165,-6.91207600938549,-11.589748311433,6.64520072606617,-13.542095596465,0.888247918839909,-12.623316046432,1.00275519562895,-12.4322791426353,-23.2415971479491,-8.49529893803197,3.45394255518458,0.645974321869431,2.55794395644985,0.926277883497588,0.0327949396062788,0.638072585685807,0.361887213739485,0.444576520477986,1.10192314818996,0.205958012508108,-0.3210664450844094,1
1.24625457324989,-0.585090481019857,0.57771705004991,-1.52953095039049,-0.897357399820312,-0.176549552246317,-0.708984281244044,0.0839020568565523,1.60810351145244,-1.0196682391175,0.815444631098203,1.60823114018553,0.877966503826047,-0.230819627424531,0.597316982384466,-0.0600462983447653,-0.622964872653017,0.821003500836194,1.21348737802081,0.0352420573695119,0.138845335730809,0.638508732056237,-0.225824820343696,-0.247140395114422,0.568298825008906,0.134713419352882,0.0428378348730819,0.0108353738636931,-0.2542009728557424,0
-0.0708475616232806,0.898975196798859,-0.643689727053143,-0.754945420124286,1.20821048010722,-0.292677948815875,0.826150134572236,-0.0324377399255492,-0.151271228918269,-0.600766158239163,0.453460203839936,0.0375851511655106,-0.700079737563093,-0.718420581537947,-0.875536957205383,0.647671666076616,-0.0311893459317877,0.521603489403385,0.290707824075352,-0.209668360809255,-0.211141641699615,-0.692041413693803,0.155708569883233,0.0752183963106691,-0.847781242060724,0.026695884351707,-0.193418379492699,0.0936650908870582,-0.32334594981947756,0
-2.33738593179115,-5.93036093365593,-1.42961220741594,2.5138343538631,-1.88530529343476,1.66967946776945,1.78841941485516,-0.19145795011164,0.571615870152898,-0.983716920761674,-1.69285798026527,0.102260295544293,0.781638351032977,0.0731566017547248,1.15265320564472,0.635669627844137,-0.60411493913867,0.569018744950376,-0.906044453140443,3.63967112229501,1.1772457691051,-0.571755086137695,-1.85761808986857,-1.21395598535275,-0.0522845373749488,-0.322622497089623,-0.264704269711786,0.339363767636414,6.3599810203262495,0
2.06432423537994,-0.834483870690507,-1.64245219525654,-0.520892370247813,-0.293600966230942,-0.883448963949721,-0.0588128077656263,-0.44211125048177,-0.71189776208262,0.918136606992717,-1.4049003816791,0.0177413113946514,1.21995760928603,0.10702085088831,0.456970022855197,-1.28961859558595,-0.503961190234989,1.20879986780632,-0.766316296671579,-0.352231415584904,-0.132631575003977,0.0393536228519952,-0.0465510867031184,-0.597434712155793,0.0285692992143514,0.817044071400542,-0.0778732095935596,-0.0546656181302701,0.03073711902778155,0
1.33983453511771,-0.741497773068308,0.96439659453153,-0.611990139958455,-1.56027862757065,-0.729205354342464,-1.02714252419791,-0.0469407206432149,-0.342235341129942,0.611024618141175,-0.387573399573469,-0.837118493421354,-0.0615732680319463,-0.369558988502333,1.15865695130011,1.50053490014487,0.0763800576724695,-0.801990718739546,0.221636153643419,0.103296957989655,0.387645577175662,1.01551019263836,-0.113996069683237,0.426441821452837,0.408533150326891,-0.0500392380047274,0.0316300275805573,0.0282154291529767,-0.2181992710876019,0
-0.401717921277021,0.515241072046919,0.856695545820933,-1.55117134097404,0.386589524493141,-0.0176966931766789,0.399888394992984,0.32792124070449,0.0381674061522825,-0.454533995741576,0.394433917368179,-0.535145922411753,-1.89679811221587,0.58686453572426,0.209197306162591,0.726274186431307,-0.798341176006788,0.103427045749684,-0.4572901593421,-0.110786316369445,-0.069047385676149,-0.233532620858768,-0.1275898099622,-0.821741564106912,-0.268079709347982,0.836702189581768,0.184845312055947,0.0612937144463525,-0.31296153935972243,0
1.2342506503134,-1.62928367166317,1.14289175051767,-1.27527752490406,-1.81773774533731,0.896925943665148,-1.8141323754623,0.477852913789645,-1.19443543352891,1.33298700984394,1.13928414919528,-0.176163506676843,-0.411721644518862,-0.551930060360027,-0.34189660654818,-0.838379152981902,1.08453819396932,-0.262736503058105,-0.525882643154276,-0.346354704005496,-0.115612020101651,0.135470686432221,0.0832896114127327,-0.316635063757215,0.0285073117428701,-0.155509978673371,0.0952236711002673,0.0218440847787028,-0.11598338415795681,0
0.371142275995724,-1.11567164226129,0.149336548434547,1.39116036380006,-0.728212796473592,-0.0718107512133679,0.387549889978393,-0.0601454121088127,-0.167325245995396,-0.000938300083496,1.04103614157887,0.863877106206806,0.218911684115427,0.474696503146386,0.46308251723492,0.708339910039891,-0.912955647357444,0.580788328947154,-0.193285598725163,0.757285211554229,0.210399083130222,-0.373389565019574,-0.395287029239949,-0.0024421176357415,0.272779465580042,-0.521177375768053,-0.0498666121329389,0.092248387304646,1.226934365715947,0
-1.36062845764893,-3.83252000247442,-0.120263827548667,3.20945542192822,-0.998295937215707,3.01317484372428,0.517224839421502,0.641063404924452,-0.267965749403219,0.0084157094623622,1.37057413876183,0.594463614977832,-0.631790295110357,0.420558149105923,0.794183807861301,0.007901248599355,0.342327122198425,-0.923058717383172,-2.57238900305687,2.09054079204587,0.960924593862285,0.270546841620421,-1.00547913242897,-1.30366486745399,-0.370261275461675,0.115398697652024,-0.123232311998407,0.210133323793852,3.9633531610133637,0
